"Match","Date","Team","Picks","Bans","Team","Picks","Bans","Winner"
"4066775838","18 Aug 2018 09:28","VGJ Thunder","Necrophos Pugna Earthshaker Monkey King Juggernaut","Io Enchantress Chen Shadow Demon Clinkz Spectre","Team Liquid","Vengeful Spirit Broodmother  Nyx Assassin Batrider Riki","Silencer Weaver Dark Willow Winter Wyvern Kunkka Phantom Lancer","Team Liquid"
"4066760701","18 Aug 2018 09:16","Mineski","Silencer Spectre Bounty Hunter Clockwerk Storm Spirit","Necrophos Enchantress Bane Undying Mirana Huskar","PSG.LGD","Io Gyrocopter Ogre Magi Lycan Queen of Pain","Nature's Prophet Vengeful Spirit Weaver Tiny Earth Spirit Kunkka","PSG.LGD"
"4066759760","18 Aug 2018 09:15","Fnatic","Earth Spirit Silencer Legion Commander Terrorblade Visage","Io Enchantress Tiny Nyx Assassin Ursa Gyrocopter","Evil Geniuses","Weaver Crystal Maiden Pudge Zeus Bloodseeker","Wraith King Undying Vengeful Spirit Enigma Necrophos Storm Spirit","Evil Geniuses"
"4066751467","18 Aug 2018 09:08","OG","Nature's Prophet Pugna Rubick Invoker Phantom Lancer","Undying Io Tiny Storm Spirit Broodmother Shadow Fiend","Winstrike","Winter Wyvern Ursa Earthshaker Windranger Mirana","Enchantress Chen Silencer Arc Warden Drow Ranger Spectre","OG"
"4066704198","18 Aug 2018 08:28","Team Liquid","Vengeful Spirit Necrophos Earth Spirit Phantom Lancer Brewmaster","Dark Willow Silencer Weaver Bloodseeker Bane Alchemist","VGJ Thunder","Tiny Winter Wyvern Ogre Magi Mirana Leshrac","Io Enchantress Chen Phoenix Earthshaker Nature's Prophet","Team Liquid"
"4066688247","18 Aug 2018 08:14","Winstrike","Gyrocopter Undying Dark Willow Axe Templar Assassin","Enchantress Chen Nature's Prophet Earthshaker Winter Wyvern Treant Protector","OG","Io Morphling Lina Shadow Shaman Centaur Warrunner","Tiny Necrophos Silencer Vengeful Spirit Pugna Broodmother","Winstrike"
"4066670110","18 Aug 2018 08:02","PSG.LGD","Weaver Undying Phantom Lancer Tusk Zeus","Enchantress Nature's Prophet Io Vengeful Spirit Tiny Storm Spirit","Mineski","Wraith King Dark Willow Crystal Maiden Pangolier Tinker","Necrophos Silencer Mirana Drow Ranger Alchemist Huskar","PSG.LGD"
"4066666471","18 Aug 2018 08:00","Evil Geniuses","Phoenix Ursa Dark Willow Wraith King Gyrocopter","Enchantress Io Weaver Vengeful Spirit Winter Wyvern Meepo","Fnatic","Tiny Mirana Earth Spirit Pugna Shadow Demon","Crystal Maiden Silencer Necrophos Clinkz Spectre Templar Assassin","Evil Geniuses"
"4066615144","18 Aug 2018 07:19","paiN Gaming","Weaver Vengeful Spirit Winter Wyvern Alchemist Pangolier","Necrophos Bloodseeker Silencer Broodmother Huskar Timbersaw","OpTic Gaming","Tiny Nature's Prophet Mirana Bane Nyx Assassin","Enchantress Dark Willow Undying Invoker Templar Assassin Enigma","OpTic Gaming"
"4066608591","18 Aug 2018 07:14","Team Secret","Silencer Bloodseeker Dark Willow Wraith King Kunkka","Io Phantom Lancer Enchantress Weaver Nature's Prophet Lina","TNC Predator","Mirana Vengeful Spirit Nyx Assassin Ursa Broodmother","Clinkz Tiny Arc Warden Necrophos Legion Commander Templar Assassin","Team Secret"
"4066598139","18 Aug 2018 07:07","VGJ Storm","Mirana Drow Ranger Phoenix Bane Dragon Knight","Crystal Maiden Phantom Lancer Necrophos Broodmother Tusk Alchemist","Team Serenity","Weaver Vengeful Spirit Tiny Ursa Lina","Wraith King Io Enchantress Nature's Prophet Undying Sven","VGJ Storm"
"4066597494","18 Aug 2018 07:06","Vici Gaming","Io Gyrocopter Vengeful Spirit Lina Batrider","Dark Willow Weaver Chen Earthshaker Phantom Lancer Broodmother","Virtus.pro","Silencer Bloodseeker Windranger Winter Wyvern Templar Assassin","Necrophos Enigma Tiny Bane Ursa Meepo","Vici Gaming"
"4066517897","18 Aug 2018 06:11","Virtus.pro","Vengeful Spirit Broodmother Earth Spirit Pugna Phantom Lancer","Necrophos Io Enchantress Templar Assassin Earthshaker Elder Titan","Vici Gaming","Mirana Bane Kunkka Ursa Spectre","Dark Willow Tiny Silencer Weaver Tusk Outworld Devourer","Vici Gaming"
"4066505440","18 Aug 2018 06:03","OpTic Gaming","Weaver Vengeful Spirit Treant Protector Doom Storm Spirit","Enchantress Dark Willow Undying Crystal Maiden Phantom Lancer Templar Assassin","paiN Gaming","Tiny Pangolier Rubick Terrorblade Winter Wyvern","Necrophos Bloodseeker Silencer Drow Ranger Huskar Tinker","OpTic Gaming"
"4066499349","18 Aug 2018 06:00","VGJ Storm","Enchantress Phoenix Ogre Magi Mirana Templar Assassin","Crystal Maiden Phantom Lancer Necrophos Weaver Clinkz Alchemist","Team Serenity","Tiny Undying Dark Willow Windranger Phantom Assassin","Wraith King Io Drow Ranger Broodmother Terrorblade Faceless Void","VGJ Storm"
"4066499119","18 Aug 2018 06:00","TNC Predator","Enchantress Storm Spirit Drow Ranger Nature's Prophet Tusk","Tiny Clinkz Necrophos Ember Spirit Broodmother Meepo","Team Secret","Ogre Magi Arc Warden Dark Willow Wraith King Legion Commander","Io Mirana Phantom Lancer Weaver Lycan Earth Spirit","Team Secret"
"4065281130","18 Aug 2018 04:32","Invictus Gaming","Spectre Silencer Earthshaker Weaver Storm Spirit","Enchantress Drow Ranger Io Terrorblade Ursa Clinkz","PSG.LGD","Tiny Crystal Maiden Doom Bloodseeker Venomancer","Mirana Wraith King Necrophos Lina Earth Spirit Huskar","PSG.LGD"
"4065268827","18 Aug 2018 04:16","OG","Winter Wyvern Nature's Prophet Earthshaker Morphling Ursa","Silencer Enchantress Necrophos Tiny Broodmother Lina","VGJ Thunder","Weaver Vengeful Spirit Dark Willow Underlord Alchemist","Pugna Chen Io Invoker Monkey King Huskar","OG"
"4065260154","18 Aug 2018 04:05","Team Liquid","Wraith King Weaver Earth Spirit Ursa Invoker","Enchantress Bloodseeker Gyrocopter Drow Ranger Clinkz Phantom Lancer","Evil Geniuses","Io Necrophos Crystal Maiden Tiny Mirana","Nyx Assassin Vengeful Spirit Silencer Pugna Dark Willow Ancient Apparition","Team Liquid"
"4065251250","18 Aug 2018 03:54","Fnatic","Winter Wyvern Drow Ranger Dark Willow Enigma Clinkz","Undying Enchantress Chen Spectre Phantom Lancer Tiny","Winstrike","Weaver Silencer Tusk Pugna Shadow Fiend","Io Necrophos Wraith King Visage Windranger Broodmother","Winstrike"
"4065229720","18 Aug 2018 03:22","PSG.LGD","Tiny Winter Wyvern Crystal Maiden Lina Faceless Void","Mirana Wraith King Weaver  Spectre Alchemist Medusa","Invictus Gaming","Necrophos Silencer Tusk Enigma Templar Assassin","Drow Ranger Enchantress Io Clinkz Terrorblade Gyrocopter","PSG.LGD"
"4065211218","18 Aug 2018 02:54","OG","Chen Winter Wyvern Spectre Treant Protector Monkey King","Silencer Enchantress Lycan Lina Underlord Crystal Maiden","VGJ Thunder","Weaver Vengeful Spirit Necrophos Tiny Phoenix","Pugna Nature's Prophet Io Invoker Dragon Knight Huskar","OG"
"4065211201","18 Aug 2018 02:54","Evil Geniuses","Tiny Lich Ursa Rubick Spectre","Io Enchantress Nyx Assassin Wraith King Dragon Knight Earthshaker","Team Liquid","Vengeful Spirit Phoenix Venomancer Clinkz Drow Ranger","Pugna Crystal Maiden Necrophos Weaver Mirana Broodmother","Team Liquid"
"4065192690","18 Aug 2018 02:25","Winstrike","Ursa Silencer Dark Willow Mirana Storm Spirit","Io Enchantress Weaver Visage Windranger Bloodseeker","Fnatic","Wraith King Winter Wyvern Earth Spirit Lone Druid Templar Assassin","Undying Chen Necrophos Phantom Lancer Batrider Huskar","Fnatic"
"4065178894","18 Aug 2018 02:02","TNC Predator","Mirana Phantom Lancer Vengeful Spirit Naga Siren Templar Assassin","Crystal Maiden Necrophos Storm Spirit Ember Spirit Dragon Knight Tinker","Team Serenity","Tiny Lich Elder Titan Gyrocopter Alchemist","Io Weaver Enchantress Winter Wyvern Undying Huskar","TNC Predator"
"4065175507","18 Aug 2018 01:56","Team Secret","Bloodseeker Silencer Dark Willow Queen of Pain Necrophos","Io Enchantress Wraith King Crystal Maiden Nyx Assassin Pugna","OpTic Gaming","Mirana Ursa Chen Bane Huskar","Weaver Tiny Clinkz Arc Warden Venomancer Broodmother","Team Secret"
"4065164937","18 Aug 2018 01:45","VGJ Storm","Io Gyrocopter Ogre Magi Shadow Fiend Centaur Warrunner","Weaver Enchantress Wraith King Morphling Phantom Lancer Templar Assassin","Newbee","Vengeful Spirit Mirana Winter Wyvern Enigma Invoker","Necrophos Silencer Chen Bane Tiny Faceless Void","Newbee"
"4065140946","18 Aug 2018 01:07","Virtus.pro","Dark Willow Faceless Void Disruptor Windranger Templar Assassin","Enigma Tiny Necrophos Vengeful Spirit Wraith King Meepo","paiN Gaming","Weaver Chen Bane Pangolier Alchemist","Broodmother Silencer Bloodseeker Mirana Enchantress Huskar","paiN Gaming"
"4065129977","18 Aug 2018 12:51","TNC Predator","Vengeful Spirit Phantom Lancer Dragon Knight Undying Wraith King","Crystal Maiden Necrophos Mirana Huskar Lina Earthshaker","Team Serenity","Tiny Lich Ember Spirit Gyrocopter Storm Spirit","Io Weaver Enchantress Broodmother Templar Assassin Alchemist","Team Serenity"
"4065128649","18 Aug 2018 12:49","Team Secret","Mirana Crystal Maiden Elder Titan Arc Warden Dragon Knight","Enchantress Io Wraith King Bloodseeker Huskar Lycan","OpTic Gaming","Necrophos Ogre Magi Windranger Storm Spirit Nature's Prophet","Tiny Weaver Clinkz Pugna Nyx Assassin Ember Spirit","Team Secret"
"4065124105","18 Aug 2018 12:43","VGJ Storm","Wraith King Necrophos Undying Keeper of the Light Broodmother","Io Enchantress Weaver Phantom Lancer Enigma Templar Assassin","Newbee","Silencer Dark Willow Clinkz Nyx Assassin Medusa","Mirana Chen Nature's Prophet Pugna Drow Ranger Bloodseeker","VGJ Storm"
"4065095713","18 Aug 2018 12:03","paiN Gaming","Dark Willow Ursa Undying Nature's Prophet Anti-Mage","Broodmother Silencer Enchantress Pugna Phantom Lancer Morphling","Virtus.pro","Tiny Chen Windranger Storm Spirit Wraith King","Enigma Necrophos Weaver Mirana Clinkz Meepo","Virtus.pro"
"4065084843","17 Aug 2018 11:49","OG","Silencer Dragon Knight Lina Phantom Lancer Winter Wyvern","Mirana Wraith King Medusa Alchemist Gyrocopter Tinker","Invictus Gaming","Weaver Vengeful Spirit Undying Bloodseeker Zeus","Enchantress Chen Nature's Prophet Arc Warden Morphling Treant Protector","OG"
"4065083072","17 Aug 2018 11:47","Fnatic","Weaver Vengeful Spirit Crystal Maiden Spectre Timbersaw","Enchantress Io Drow Ranger Dragon Knight Necrophos Batrider","PSG.LGD","Tiny Silencer Earthshaker Terrorblade Pugna","Winter Wyvern Keeper of the Light Meepo Undying Visage Huskar","PSG.LGD"
"4065077879","17 Aug 2018 11:41","VGJ Thunder","Silencer Clinkz Tiny Dark Willow Lycan","Io Enchantress Nature's Prophet Pugna Necrophos Winter Wyvern","Mineski","Wraith King Mirana Vengeful Spirit Huskar Brewmaster","Weaver  Terrorblade Luna Phantom Lancer Undying Broodmother","VGJ Thunder"
"4065042825","17 Aug 2018 10:59","Winstrike","Nature's Prophet Vengeful Spirit Night Stalker Clinkz Outworld Devourer","Io Broodmother Enchantress Necrophos Weaver Visage","Team Liquid","Wraith King Keeper of the Light Chen Dragon Knight Ursa","Clockwerk Undying Pugna Drow Ranger Phantom Lancer Venomancer","Team Liquid"
"4065017593","17 Aug 2018 10:33","OG","Silencer Morphling Dark Willow Centaur Warrunner Pugna","Mirana Tiny Wraith King Leshrac Necrophos Clockwerk","Invictus Gaming","Io Gyrocopter Rubick Lina Axe","Chen Nature's Prophet Enchantress Earthshaker Invoker Broodmother","OG"
"4065016209","17 Aug 2018 10:31","PSG.LGD","Drow Ranger Bane Windranger Undying Alchemist","Enchantress Io Weaver Meepo Spectre Nature's Prophet","Fnatic","Winter Wyvern Wraith King Dark Willow Broodmother Lone Druid","Tiny Chen Earthshaker Mirana Necrophos Templar Assassin","PSG.LGD"
"4064996401","17 Aug 2018 10:11","VGJ Thunder","Silencer Necrophos Windranger Luna Wraith King","Tiny Nature's Prophet Pugna Clinkz Mirana Tinker","Mineski","Vengeful Spirit Brewmaster Dark Willow Bloodseeker Shadow Fiend","Enchantress Io Weaver Terrorblade Spectre Lina","Mineski"
"4064993264","17 Aug 2018 10:08","Team Liquid","Wraith King Dark Willow Broodmother Ogre Magi Brewmaster","Clockwerk Undying Enchantress Drow Ranger Kunkka Crystal Maiden","Winstrike","Vengeful Spirit Nature's Prophet Tiny Spectre Mirana","Necrophos Silencer Io Winter Wyvern Phoenix Weaver","Team Liquid"
"4064970428","17 Aug 2018 09:46","VGJ Storm","Nature's Prophet Earthshaker Undying Venomancer Drow Ranger","Io Mirana Enchantress Spectre Broodmother Timbersaw","TNC Predator","Dark Willow Wraith King Treant Protector Storm Spirit Clinkz","Necrophos Silencer Weaver Phantom Lancer Ursa Dragon Knight","VGJ Storm"
"4064949771","17 Aug 2018 09:25","OpTic Gaming","Silencer Enigma Io Morphling Dragon Knight","Vengeful Spirit Clinkz Mirana Windranger Phantom Lancer Templar Assassin","Team Serenity","Necrophos Crystal Maiden Gyrocopter Nyx Assassin Storm Spirit","Enchantress Tiny Weaver Keeper of the Light Huskar Invoker","Team Serenity"
"4064939549","17 Aug 2018 09:16","Vici Gaming","Necrophos Bane Earthshaker Clinkz Huskar","Dark Willow Weaver Tiny Lina Batrider Clockwerk","paiN Gaming","Io Gyrocopter Crystal Maiden Invoker Brewmaster","Mirana Pugna Silencer Drow Ranger Spectre Broodmother","Vici Gaming"
"4064938488","17 Aug 2018 09:15","Newbee","Enchantress Lion Crystal Maiden Phantom Lancer Lina","Tiny Silencer Broodmother Bloodseeker Vengeful Spirit Earthshaker","Virtus.pro","Dark Willow Weaver Bane Dragon Knight Alchemist","Io Enigma Necrophos Faceless Void Pugna Techies","Virtus.pro"
"4064872015","17 Aug 2018 08:13","TNC Predator","Dark Willow Phantom Lancer Crystal Maiden Lina Nature's Prophet","Wraith King Earthshaker Dragon Knight Nyx Assassin Enigma Tusk","VGJ Storm","Mirana Necrophos Jakiro Faceless Void Earth Spirit","Weaver Enchantress Io Pugna Silencer Axe","VGJ Storm"
"4064867263","17 Aug 2018 08:09","OpTic Gaming","Necrophos Winter Wyvern Nature's Prophet Earthshaker Templar Assassin","Enchantress Vengeful Spirit Clinkz Ursa Storm Spirit Faceless Void","Team Serenity","Mirana Silencer Elder Titan Lina Spectre","Weaver Tiny Enigma Broodmother Io Alchemist","OpTic Gaming"
"4064854156","17 Aug 2018 07:57","Vici Gaming","Winter Wyvern Necrophos Oracle Wraith King Pangolier","Weaver Enchantress Io Enigma Invoker Omniknight","paiN Gaming","Tiny Dark Willow Ancient Apparition Phantom Lancer Lina","Mirana Pugna Silencer Broodmother Drow Ranger Leshrac","paiN Gaming"
"4064851344","17 Aug 2018 07:55","Newbee","Enchantress Lion Crystal Maiden Phantom Lancer Ember Spirit","Tiny Silencer Broodmother Ursa Alchemist Zeus","Virtus.pro","Dark Willow Weaver  Bloodseeker Vengeful Spirit Earthshaker","Io Enigma Necrophos Faceless Void Lina Storm Spirit","Virtus.pro"
"4064812973","17 Aug 2018 07:22","VGJ Thunder","Silencer Vengeful Spirit Tiny Terrorblade Lina","Mirana Pugna Io Alchemist Huskar Templar Assassin","Invictus Gaming","Winter Wyvern Ursa Clinkz Crystal Maiden Medusa","Weaver Enchantress Necrophos Drow Ranger Brewmaster Storm Spirit","VGJ Thunder"
"4064796732","17 Aug 2018 07:08","Fnatic","Weaver Vengeful Spirit Keeper of the Light Bristleback Meepo","Chen Enchantress Io Silencer Bloodseeker Lina","OG","Nature's Prophet Earthshaker Lich Morphling Invoker","Wraith King Visage Winter Wyvern Necrophos Tiny Broodmother","Fnatic"
"4064786780","17 Aug 2018 07:00","Winstrike","Weaver Tiny Winter Wyvern Treant Protector Drow Ranger","Enchantress  Crystal Maiden Necrophos Bane Dragon Knight Enigma","Evil Geniuses","Io Gyrocopter Vengeful Spirit Mirana Kunkka","Undying Silencer Ursa Spectre Clinkz Lycan","Evil Geniuses"
"4064786062","17 Aug 2018 07:00","Team Liquid","Vengeful Spirit Enchantress Earth Spirit Pugna  Weaver","Brewmaster Bloodseeker Wraith King Pangolier Crystal Maiden Batrider","Mineski","Necrophos Earthshaker Shadow Shaman Phantom Assassin Tiny","Io Chen Broodmother Spectre Undying Phantom Lancer","Team Liquid"
"4064721264","17 Aug 2018 06:10","OG","Chen Lina Spectre Treant Protector Invoker","Winter Wyvern Enchantress Io Lone Druid Meepo Storm Spirit","Fnatic","Windranger Enigma Undying Ursa Huskar","Pugna Tiny Silencer Drow Ranger Nature's Prophet Clinkz","OG"
"4064708096","17 Aug 2018 06:01","Team Liquid","Vengeful Spirit Nature's Prophet Silencer Spectre Necrophos","Bloodseeker Brewmaster Pugna Alchemist Bounty Hunter Viper","Mineski","Mirana Wraith King Crystal Maiden Tiny Enchantress","Io Chen Broodmother Drow Ranger Visage Huskar","Team Liquid"
"4064706284","17 Aug 2018 06:00","Evil Geniuses","Necrophos Mirana Ursa Silencer Tusk","Undying Io Enchantress Wraith King Lina Invoker","Winstrike","Vengeful Spirit Dark Willow Witch Doctor Drow Ranger Storm Spirit","Weaver Crystal Maiden Tiny Spectre Oracle Broodmother","Evil Geniuses"
"4064706272","17 Aug 2018 06:00","Invictus Gaming","Wraith King Winter Wyvern Dark Willow Ursa Alchemist","Weaver Necrophos Enchantress Legion Commander Drow Ranger Lina","VGJ Thunder","Silencer Vengeful Spirit Clinkz Brewmaster Storm Spirit","Mirana Pugna Io Tiny Templar Assassin Huskar","VGJ Thunder"
"4063667075","17 Aug 2018 04:49","Team Serenity","Earthshaker Clinkz Phoenix Storm Spirit Winter Wyvern","Necrophos Io Enchantress Spectre Lina Nyx Assassin","Newbee","Crystal Maiden Enigma Ursa Ember Spirit Weaver","Tiny Silencer Mirana Faceless Void Vengeful Spirit Rubick","Newbee"
"4063653342","17 Aug 2018 04:30","Team Secret","Tiny Ogre Magi Mirana Dark Willow Viper","Enchantress Necrophos Io Bloodseeker Dragon Knight Zeus","Vici Gaming","Silencer Ursa Shadow Shaman Spectre Huskar","Arc Warden Pugna Weaver Winter Wyvern Visage Meepo","Team Secret"
"4063646692","17 Aug 2018 04:20","OpTic Gaming","Vengeful Spirit Dragon Knight Bloodseeker Earth Spirit Invoker","Io Enchantress Necrophos Drow Ranger Ursa Monkey King","TNC Predator","Mirana Dark Willow Lion Wraith King Huskar","Weaver Tiny Enigma Broodmother Chen Clinkz","TNC Predator"
"4063643412","17 Aug 2018 04:16","VGJ Storm","Nature's Prophet Ogre Magi Mirana Nyx Assassin Terrorblade","Tiny Weaver Enchantress Phantom Lancer Broodmother Visage","paiN Gaming","Dark Willow Pangolier Jakiro Spectre Templar Assassin","Wraith King Necrophos Io Bloodseeker Drow Ranger Huskar","VGJ Storm"
"4063619584","17 Aug 2018 03:40","Team Serenity","Vengeful Spirit Phantom Lancer Lina Rubick  Riki","Io Enchantress Necrophos Enigma Storm Spirit Zeus","Newbee","Weaver Winter Wyvern Earthshaker Pangolier Medusa","Tiny Silencer Crystal Maiden Mirana Bloodseeker Clockwerk","Newbee"
"4063611898","17 Aug 2018 03:28","Vici Gaming","Io Gyrocopter Tiny Legion Commander Oracle","Weaver Pugna Arc Warden Enigma Meepo Huskar","Team Secret","Crystal Maiden Clinkz Elder Titan Batrider Troll Warlord","Enchantress Necrophos Vengeful Spirit Bane Clockwerk Silencer","Vici Gaming"
"4063601628","17 Aug 2018 03:12","TNC Predator","Mirana Vengeful Spirit Dark Willow Storm Spirit Wraith King","Weaver Enigma Tiny Broodmother Dragon Knight Huskar","OpTic Gaming","Crystal Maiden Ursa Bloodseeker Winter Wyvern Alchemist","Io Enchantress Necrophos Drow Ranger Bane Venomancer","TNC Predator"
"4063600107","17 Aug 2018 03:09","VGJ Storm","Necrophos Undying Mirana Drow Ranger Sven","Weaver Crystal Maiden Enchantress Phantom Lancer Visage Nature's Prophet","paiN Gaming","Tiny Silencer Tusk Clinkz Winter Wyvern","Wraith King Dark Willow Io Dragon Knight Spectre Clockwerk","VGJ Storm"
"4063572817","17 Aug 2018 02:22","Evil Geniuses","Ursa Undying Weaver Tiny Pugna","Io Nyx Assassin Enchantress Lina Mirana Enigma","PSG.LGD","Spectre Winter Wyvern Dark Willow Clinkz Sand King","Crystal Maiden Phoenix Necrophos Alchemist Storm Spirit Silencer","Evil Geniuses"
"4063571098","17 Aug 2018 02:19","Invictus Gaming","Winter Wyvern Earthshaker Spectre Batrider Clinkz","Weaver Enchantress Necrophos Templar Assassin Visage Broodmother","Fnatic","Wraith King Dark Willow Crystal Maiden Doom Storm Spirit","Io Mirana Silencer Phantom Lancer Alchemist Lina","Invictus Gaming"
"4063563567","17 Aug 2018 02:07","VGJ Thunder","Weaver Vengeful Spirit Dark Willow Underlord Lina","Undying Pugna Tiny Dragon Knight Earthshaker Templar Assassin","Winstrike","Crystal Maiden Necrophos Treant Protector Spectre Zeus","Enchantress Silencer Io Drow Ranger Phoenix Visage","VGJ Thunder"
"4063558826","17 Aug 2018 01:59","OG","Nature's Prophet Silencer Earthshaker Lina Drow Ranger","Wraith King Mirana Tiny Alchemist Spectre Broodmother","Mineski","Necrophos Crystal Maiden Winter Wyvern Bloodseeker Pangolier","Chen Enchantress Pugna Invoker Arc Warden Morphling","OG"
"4063532336","17 Aug 2018 01:20","PSG.LGD","Vengeful Spirit Clinkz Pudge Weaver Alchemist","Crystal Maiden Io  Phoenix Winter Wyvern Silencer Storm Spirit","Evil Geniuses","Enchantress Spectre Lich Tiny Tusk","Drow Ranger Nyx Assassin Ursa Necrophos Mirana Huskar","Evil Geniuses"
"4063527110","17 Aug 2018 01:11","Fnatic","Winter Wyvern Necrophos Wraith King Templar Assassin Earth Spirit","Mirana Pugna Phoenix Batrider Silencer Huskar","Invictus Gaming","Dark Willow Tiny Ancient Apparition Clinkz Bloodseeker","Weaver Enchantress Io Meepo Visage Treant Protector","Fnatic"
"4063521022","17 Aug 2018 01:01","VGJ Thunder","Silencer Weaver Winter Wyvern Necrophos Lina","Undying Pugna Tiny Dragon Knight Lycan Invoker","Winstrike","Chen Mirana Ogre Magi Wraith King Templar Assassin","Io Enchantress Crystal Maiden Bloodseeker Drow Ranger Huskar","VGJ Thunder"
"4063518923","17 Aug 2018 12:58","OG","Enchantress Venomancer Shadow Shaman Phantom Lancer Pugna","Wraith King Mirana Tiny Nature's Prophet Weaver Broodmother","Mineski","Vengeful Spirit Ursa Phoenix Sniper Alchemist","Bloodseeker Io Chen Arc Warden Earthshaker Invoker","OG"
"4063490254","17 Aug 2018 12:15","Team Serenity","Crystal Maiden Phantom Lancer Tiny Ember Spirit Winter Wyvern","Pugna Io Necrophos Earthshaker Kunkka Huskar","Vici Gaming","Shadow Demon Mirana Elder Titan Dragon Knight Faceless Void","Silencer Vengeful Spirit Nyx Assassin Wraith King Lina Magnus","Team Serenity"
"4063481435","17 Aug 2018 12:02","OpTic Gaming","Weaver Nature's Prophet Ursa Lion Venomancer","Enchantress Io Pugna Faceless Void Enigma Phantom Lancer","Newbee","Silencer Dragon Knight Earthshaker Templar Assassin Gyrocopter","Tiny Mirana Necrophos Visage Drow Ranger Huskar","OpTic Gaming"
"4063477071","16 Aug 2018 11:55","Virtus.pro","Tiny Bane Io Gyrocopter Dragon Knight","Nature's Prophet Necrophos Enchantress Weaver Drow Ranger Huskar","TNC Predator","Mirana Vengeful Spirit Phantom Lancer Dark Willow Timbersaw","Broodmother Chen Silencer Kunkka Earthshaker Ember Spirit","TNC Predator"
"4063465788","16 Aug 2018 11:40","paiN Gaming","Crystal Maiden Weaver Clockwerk Pangolier Invoker","Enchantress Pugna Necrophos Bloodseeker Rubick Broodmother","Team Secret","Clinkz Shadow Shaman Nyx Assassin Mirana Drow Ranger","Tiny Winter Wyvern Silencer Ursa Zeus Visage","paiN Gaming"
"4063439681","16 Aug 2018 11:07","Vici Gaming","Io Gyrocopter Bane Lina Batrider","Nyx Assassin Vengeful Spirit Weaver Faceless Void Wraith King Dragon Knight","Team Serenity","Silencer Clinkz Ursa Mirana Windranger","Shadow Demon Pugna Necrophos Kunkka Tiny Bloodseeker","Vici Gaming"
"4063430773","16 Aug 2018 10:56","OpTic Gaming","Mirana Vengeful Spirit Bloodseeker Bane Dragon Knight","Enchantress Io Pugna Drow Ranger Ursa Templar Assassin","Newbee","Weaver Winter Wyvern Dark Willow Wraith King Lina","Tiny Silencer Necrophos Phantom Lancer Faceless Void Medusa","OpTic Gaming"
"4063413580","16 Aug 2018 10:35","TNC Predator","Io Drow Ranger Lion Templar Assassin Pugna","Chen Tiny Weaver Broodmother Clinkz Huskar","Virtus.pro","Silencer Ursa Kunkka Winter Wyvern Phantom Lancer","Nature's Prophet Necrophos Enchantress Bane Mirana Puck","Virtus.pro"
"4063402142","16 Aug 2018 10:22","Team Secret","Crystal Maiden Bloodseeker Rubick Arc Warden Invoker","Winter Wyvern Tiny Silencer Zeus Ursa Templar Assassin","paiN Gaming","Nyx Assassin Weaver Lion Necrophos Storm Spirit","Enchantress Io Wraith King Earthshaker Broodmother Dragon Knight","Team Secret"
"4063378608","16 Aug 2018 09:56","Mineski","Necrophos Vengeful Spirit Tiny Puck Broodmother","Enchantress Io Weaver Visage Pugna Batrider","Fnatic","Winter Wyvern Drow Ranger Dark Willow Templar Assassin Enigma","Mirana Crystal Maiden Silencer Wraith King Brewmaster Phantom Lancer","Fnatic"
"4063369023","16 Aug 2018 09:45","Team Liquid","Vengeful Spirit Mirana Bane Lifestealer Lina","Pugna Wraith King Silencer Necrophos Phantom Lancer Alchemist","Invictus Gaming","Tiny Phoenix Enchantress Earth Spirit Templar Assassin","Broodmother Weaver Io Ursa Bloodseeker Invoker","Team Liquid"
"4063359785","16 Aug 2018 09:36","OG","Vengeful Spirit Mirana Oracle Centaur Warrunner Monkey King","Tiny Io Phoenix Necrophos Undying Lina","Evil Geniuses","Enchantress Crystal Maiden Nyx Assassin Spectre Storm Spirit","Pugna Silencer Ursa Zeus Invoker Alchemist","Evil Geniuses"
"4063350513","16 Aug 2018 09:26","PSG.LGD","Earthshaker Clinkz Vengeful Spirit Mirana Huskar","Undying Crystal Maiden Necrophos Spectre Ursa Terrorblade","Winstrike","Chen Tiny Lich Wraith King Zeus","Io Enchantress Weaver Lina Bane Invoker","PSG.LGD"
"4063299885","16 Aug 2018 08:34","Evil Geniuses","Necrophos Crystal Maiden Ursa Undying Storm Spirit","Io Silencer Pugna Enigma Weaver Invoker","OG","Tiny Oracle Centaur Warrunner Arc Warden Windranger","Phoenix Enchantress Wraith King Alchemist Clinkz Broodmother","Evil Geniuses"
"4063289036","16 Aug 2018 08:23","Team Liquid","Vengeful Spirit Nature's Prophet Clinkz Chen Visage","Undying Mirana Silencer Dark Willow Phantom Lancer Dragon Knight","Invictus Gaming","Wraith King Pugna Tusk Necrophos Alchemist","Weaver Broodmother Io Nyx Assassin Enchantress Invoker","Invictus Gaming"
"4063286002","16 Aug 2018 08:20","Winstrike","Earthshaker Necrophos Disruptor Ursa Lina","Io Enchantress Chen Wraith King Clockwerk Invoker","PSG.LGD","Weaver Phoenix Bane Drow Ranger Storm Spirit","Crystal Maiden Undying Silencer Nature's Prophet Lycan Broodmother","PSG.LGD"
"4063266100","16 Aug 2018 08:01","Fnatic","Winter Wyvern Necrophos Windranger Huskar Treant Protector","Crystal Maiden Mirana Silencer Batrider Bloodseeker Ancient Apparition","Mineski","Vengeful Spirit Tiny Pugna Wraith King Tinker","Enchantress Weaver Io Visage Lone Druid Lycan","Mineski"
"4063225719","16 Aug 2018 07:23","TNC Predator","Enchantress Drow Ranger Dark Willow Templar Assassin Lion","Enigma Tiny Weaver Winter Wyvern Clinkz Phantom Lancer","paiN Gaming","Crystal Maiden Ursa Pangolier Witch Doctor Lycan","Mirana Io Silencer Storm Spirit Huskar Vengeful Spirit","TNC Predator"
"4063222284","16 Aug 2018 07:19","OpTic Gaming","Weaver Tiny Winter Wyvern Enigma Medusa","Io Enchantress Necrophos Bane Lion Storm Spirit","VGJ Storm","Dark Willow Ursa Chen Spectre Zeus","Wraith King Pugna Silencer Undying Crystal Maiden Broodmother","OpTic Gaming"
"4063220819","16 Aug 2018 07:18","Vici Gaming","Oracle Mirana Earthshaker Clinkz Faceless Void","Io Enchantress Silencer Crystal Maiden Spectre Tiny","Newbee","Necrophos Wraith King Lion Weaver Enigma","Shadow Demon Vengeful Spirit Shadow Shaman Phantom Lancer Drow Ranger Huskar","Vici Gaming"
"4063202564","16 Aug 2018 07:01","Team Secret","Undying Wraith King Io Gyrocopter Ember Spirit","Silencer Tiny Broodmother Mirana Bane Tinker","Virtus.pro","Spectre Chen Disruptor Shadow Demon Templar Assassin","Necrophos Enchantress Clinkz Weaver Pugna Huskar","Team Secret"
"4063131437","16 Aug 2018 06:00","Team Secret","Vengeful Spirit Weaver  Earth Spirit Bristleback Dragon Knight","Silencer Wraith King Nature's Prophet Dark Willow Winter Wyvern Outworld Devourer","Virtus.pro","Tiny Broodmother Kunkka Bane Mirana","Necrophos Clinkz Enchantress Templar Assassin Meepo Bloodseeker","Virtus.pro"
"4063131418","16 Aug 2018 06:00","TNC Predator","Enchantress Drow Ranger Windranger Huskar Dark Willow","Enigma Ursa Weaver Broodmother Phantom Lancer Bloodseeker","paiN Gaming","Tiny Crystal Maiden Winter Wyvern Clinkz Ancient Apparition","Mirana Silencer Io Dragon Knight Storm Spirit Oracle","paiN Gaming"
"4063131371","16 Aug 2018 06:00","Vici Gaming","Shadow Demon Necrophos Shadow Shaman Mirana Phantom Lancer","Pugna Silencer Weaver Crystal Maiden Enigma Earthshaker","Newbee","Dark Willow Clinkz Bane Bloodseeker Pangolier","Enchantress Io  Wraith King Clockwerk Spectre Faceless Void","Vici Gaming"
"4063131353","16 Aug 2018 06:00","OpTic Gaming","Io Undying Centaur Warrunner Leshrac Monkey King","Weaver Silencer Chen Bane Winter Wyvern Storm Spirit","VGJ Storm","Wraith King Dark Willow Ogre Magi Phantom Lancer Mirana","Necrophos Enchantress Tiny Gyrocopter Ursa Juggernaut","VGJ Storm"
"4062183675","16 Aug 2018 05:47","Winstrike","Undying Weaver Vengeful Spirit Drow Ranger Invoker","Io Crystal Maiden Enchantress Axe Bloodseeker Broodmother","Invictus Gaming","Necrophos Rubick Shadow Shaman Wraith King Mirana","Chen Ursa Dark Willow Clinkz Lycan Huskar","Winstrike"
"4062151757","16 Aug 2018 04:58","Team Liquid","Io Broodmother Vengeful Spirit Brewmaster Mirana","Elder Titan Gyrocopter Kunkka Winter Wyvern Crystal Maiden Silencer","PSG.LGD","Nature's Prophet Tiny Terrorblade Phoenix Ursa","Chen Weaver Clinkz Necrophos Huskar Morphling","Team Liquid"
"4062143387","16 Aug 2018 04:47","Fnatic","Winter Wyvern Weaver Drow Ranger Windranger Visage","Silencer Io Enchantress Phantom Lancer Broodmother Axe","VGJ Thunder","Necrophos Rubick Wraith King Zeus Bloodseeker","Enigma Pugna Tiny Clinkz Meepo Shadow Fiend","Fnatic"
"4062142571","16 Aug 2018 04:45","Evil Geniuses","Enchantress Phoenix Kunkka Storm Spirit Templar Assassin","Wraith King Tiny Undying Clinkz Drow Ranger Nyx Assassin","Mineski","Vengeful Spirit Mirana Weaver Lina Pangolier","Ursa Necrophos Io Alchemist Spectre Bloodseeker","Evil Geniuses"
"4062142402","16 Aug 2018 04:45","Winstrike","Undying Necrophos Earthshaker Weaver Lycan","Io Crystal Maiden Enchantress Huskar Bloodseeker Luna","Invictus Gaming","Mirana Shadow Demon Clockwerk Dragon Knight Visage","Chen Ursa Dark Willow Tiny Broodmother Nature's Prophet","Winstrike"
"4062103539","16 Aug 2018 03:42","VGJ Thunder","Lion Ursa Dark Willow Windranger Alchemist","Io Enigma Necrophos Meepo Clinkz Tiny","Fnatic","Enchantress Winter Wyvern Earth Spirit Visage Lone Druid","Silencer Weaver Pugna Huskar Brewmaster Broodmother","Fnatic"
"4062099038","16 Aug 2018 03:35","Mineski","Io Gyrocopter Vengeful Spirit Clinkz Timbersaw","Ursa Necrophos Enchantress Spectre Dark Willow Bloodseeker","Evil Geniuses","Weaver Crystal Maiden Earth Spirit Alchemist Bristleback","Wraith King Tiny Nyx Assassin Silencer Undying Pangolier","Evil Geniuses"
"4062098446","16 Aug 2018 03:34","Team Liquid","Silencer Io Bloodseeker Venomancer Huskar","Vengeful Spirit Elder Titan Gyrocopter Winter Wyvern Phantom Lancer Drow Ranger","PSG.LGD","Earthshaker Clinkz Crystal Maiden  Lina Enchantress","Chen Weaver Nature's Prophet Necrophos Ursa Broodmother","PSG.LGD"
"4062098361","16 Aug 2018 03:34","VGJ Storm","Wraith King Dark Willow Ogre Magi Dragon Knight Spectre","Enchantress Necrophos Pugna Phantom Lancer Nature's Prophet Drow Ranger","Team Secret","Earthshaker Weaver Mirana Oracle Kunkka","Chen Tiny Silencer Lion Bloodseeker Templar Assassin","VGJ Storm"
"4062062147","16 Aug 2018 02:31","paiN Gaming","Weaver Nyx Assassin Winter Wyvern Enigma Invoker","Io Wraith King Enchantress Templar Assassin Mirana Bloodseeker","Newbee","Shadow Demon Clinkz Rubick Zeus Dragon Knight","Silencer Tiny Crystal Maiden Visage Pangolier Storm Spirit","paiN Gaming"
"4062061780","16 Aug 2018 02:30","Virtus.pro","Silencer Earthshaker Pangolier Shadow Fiend Sven","Necrophos Winter Wyvern Tiny Clockwerk Wraith King Weaver","Team Serenity","Crystal Maiden Phantom Lancer Vengeful Spirit Lina Ursa","Broodmother Spectre Chen Storm Spirit Pugna Faceless Void","Team Serenity"
"4062047269","16 Aug 2018 02:04","Team Secret","Earthshaker Clinkz Nature's Prophet Shadow Fiend Abaddon","Chen Tiny Undying Winter Wyvern Ursa Sven","VGJ Storm","Silencer Wraith King Phoenix Dragon Knight Templar Assassin","Enchantress Necrophos Pugna Phantom Lancer Broodmother Ogre Magi","VGJ Storm"
"4062045592","16 Aug 2018 02:00","TNC Predator","Mirana Shadow Demon Dragon Knight Nyx Assassin Timbersaw","Io Enchantress Treant Protector Legion Commander Huskar Omniknight","Vici Gaming","Bane Weaver Elder Titan Tiny Underlord","Dark Willow Vengeful Spirit Silencer Necrophos Faceless Void Ursa","TNC Predator"
"4062034566","16 Aug 2018 01:39","Virtus.pro","Chen Enchantress Clockwerk Phantom Lancer Invoker","Tiny Necrophos Silencer Mirana Storm Spirit Ember Spirit","Team Serenity","Crystal Maiden Clinkz Wraith King Riki Windranger","Broodmother Spectre Pugna Weaver Dragon Knight  Templar Assassin","Virtus.pro"
"4062017242","16 Aug 2018 01:07","TNC Predator","Dark Willow Phantom Lancer Vengeful Spirit Dragon Knight Mirana","Treant Protector Necrophos Weaver Phoenix Earthshaker Timbersaw","Vici Gaming","Pugna Wraith King Crystal Maiden Spectre Kunkka","Io Enchantress Silencer Tiny Huskar Nyx Assassin","TNC Predator"
"4062016236","16 Aug 2018 01:05","paiN Gaming","Vengeful Spirit Ursa Pugna Magnus Terrorblade","Io Wraith King Necrophos Storm Spirit Weaver Templar Assassin","Newbee","Enchantress Shadow Shaman Nyx Assassin Spectre Kunkka","Silencer Tiny Crystal Maiden Visage Pangolier Huskar","Newbee"
"4062010988","16 Aug 2018 12:56","Team Liquid","Nyx Assassin Bloodseeker Nature's Prophet Clinkz Kunkka","Venomancer Silencer Io Monkey King Phantom Lancer Troll Warlord","OG","Pugna Chen Tiny Tusk Morphling","Broodmother Weaver Vengeful Spirit Crystal Maiden Enchantress Undying","Team Liquid"
"4061984521","16 Aug 2018 12:12","VGJ Thunder","Wraith King Weaver Windranger Phoenix Broodmother","Io Silencer Enchantress Rubick Nature's Prophet Bane","PSG.LGD","Drow Ranger Vengeful Spirit Mirana Storm Spirit Dark Willow","Necrophos Pugna Clinkz Winter Wyvern Lycan Huskar","PSG.LGD"
"4061977166","16 Aug 2018 12:01","Mineski","Enchantress Crystal Maiden Tidehunter Storm Spirit Troll Warlord","Ursa Chen Dark Willow Weaver  Mirana Huskar","Winstrike","Windranger Vengeful Spirit Tiny Clockwerk Gyrocopter","Wraith King Nature's Prophet Undying Necrophos Clinkz Phantom Lancer","Mineski"
"4061971770","15 Aug 2018 11:52","Evil Geniuses","Tiny Phoenix Chen Wraith King Invoker","Necrophos Mirana Silencer Ursa Huskar Legion Commander","Invictus Gaming","Io Gyrocopter Leshrac Lina Beastmaster","Enigma Enchantress Weaver Clinkz Morphling Broodmother","Invictus Gaming"
"4061952570","15 Aug 2018 11:25","OG","Pugna Enchantress Earthshaker Tiny Monkey King","Broodmother Silencer Weaver Nature's Prophet Centaur Warrunner Queen of Pain","Team Liquid","Nyx Assassin Chen Ursa Bloodseeker Invoker","Venomancer Vengeful Spirit Io Crystal Maiden Clinkz Arc Warden","Team Liquid"
"4061924528","15 Aug 2018 10:48","PSG.LGD","Nature's Prophet Wraith King Disruptor Ursa Leshrac","Io Enchantress Drow Ranger Phantom Lancer Lycan Tiny","VGJ Thunder","Silencer Necrophos Vengeful Spirit Terrorblade Lina","Pugna Clinkz Crystal Maiden Shadow Fiend Weaver Tinker","VGJ Thunder"
"4061922574","15 Aug 2018 10:46","Winstrike","Nature's Prophet Clinkz Vengeful Spirit Death Prophet Earthshaker","Undying Necrophos Enchantress Weaver Pugna Broodmother","Mineski","Wraith King Crystal Maiden Tiny Winter Wyvern Bloodseeker","Ursa Chen Dark Willow Treant Protector Spirit Breaker Bounty Hunter","Mineski"
"4061921764","15 Aug 2018 10:45","Invictus Gaming","Wraith King Pugna Crystal Maiden Lifestealer Storm Spirit","Necrophos Io Enchantress Bloodseeker Spectre Tusk","Evil Geniuses","Tiny Phoenix Clinkz Enigma Spirit Breaker","Mirana Silencer Weaver Ursa Huskar Lina","Evil Geniuses"
"4061903681","15 Aug 2018 10:24","TNC Predator","Crystal Maiden Phantom Lancer Nature's Prophet Bounty Hunter Templar Assassin","Wraith King Necrophos Weaver Legion Commander Earthshaker Huskar","Newbee","Clinkz Shadow Shaman Pangolier Phoenix Storm Spirit","Silencer Io Enchantress Tiny Bloodseeker Lina","Newbee"
"4061880066","15 Aug 2018 09:56","Team Secret","Necrophos Tiny Vengeful Spirit Earthshaker Templar Assassin","Silencer Clinkz Enchantress Crystal Maiden Weaver Mirana","Team Serenity","Nyx Assassin Death Prophet Bane Ursa Storm Spirit","Visage Drow Ranger Enigma Arc Warden Broodmother Huskar","Team Secret"
"4061867364","15 Aug 2018 09:41","OpTic Gaming","Clinkz Vengeful Spirit Brewmaster Monkey King Phantom Lancer","Enchantress Ursa Spectre Chen Clockwerk Storm Spirit","Virtus.pro","Silencer Broodmother Windranger Weaver Dark Willow","Io Necrophos Tiny Templar Assassin Earthshaker Bane","Virtus.pro"
"4061858332","15 Aug 2018 09:31","VGJ Storm","Wraith King Dark Willow Lion Mirana Templar Assassin","Io Enchantress Necrophos Phantom Lancer Huskar Batrider","Vici Gaming","Weaver Oracle Tiny Kunkka Broodmother","Chen Ogre Magi Undying Silencer Visage Monkey King","VGJ Storm"
"4061848287","15 Aug 2018 09:20","TNC Predator","Weaver Crystal Maiden Storm Spirit Treant Protector Underlord","Wraith King Enchantress Io Huskar Dragon Knight Ember Spirit","Newbee","Shadow Demon Necrophos Lion Mirana Faceless Void","Silencer Nature's Prophet Tiny Pugna Nyx Assassin Drow Ranger","Newbee"
"4061815647","15 Aug 2018 08:44","Team Secret","Necrophos Pugna Rubick Ogre Magi Dragon Knight","Silencer Pudge Enchantress Mirana Lycan Wraith King","Team Serenity","Nyx Assassin Clinkz Crystal Maiden Lina Tiny","Visage Drow Ranger Enigma Arc Warden Undying Broodmother","Team Serenity"
"4061804100","15 Aug 2018 08:31","VGJ Storm","Dark Willow Weaver Undying Mirana Drow Ranger","Enchantress Io Necrophos Phantom Lancer Broodmother Morphling","Vici Gaming","Wraith King Tiny Warlock Clinkz Underlord","Chen Ogre Magi Keeper of the Light Huskar Visage Arc Warden","VGJ Storm"
"4061802430","15 Aug 2018 08:29","OpTic Gaming","Winter Wyvern Tiny Vengeful Spirit Mirana Juggernaut","Weaver Silencer Pugna Elder Titan Clinkz Templar Assassin","Virtus.pro","Crystal Maiden Spectre Earthshaker Phoenix Storm Spirit","Necrophos Enchantress Io Wraith King Clockwerk Ursa","Virtus.pro"
"4061766981","15 Aug 2018 07:53","Mineski","Mirana Vengeful Spirit Pangolier Undying Alchemist","Bloodseeker Io Necrophos Clinkz Weaver Lina","Invictus Gaming","Wraith King Dark Willow Silencer Tiny Huskar","Enigma Enchantress Nature's Prophet Brewmaster Ursa Dragon Knight","Mineski"
"4061745637","15 Aug 2018 07:30","Evil Geniuses","Wraith King Dark Willow Crystal Maiden Spectre Mirana","Enchantress Necrophos Silencer Bristleback Ursa Lina","VGJ Thunder","Io Luna Bane Legion Commander Huskar","Pugna Tiny Weaver  Phoenix Clinkz Broodmother","Evil Geniuses"
"4061742840","15 Aug 2018 07:27","Fnatic","Weaver Winter Wyvern Wraith King Dark Willow Clinkz","Nature's Prophet Io Chen Mirana Phantom Lancer Abaddon","Team Liquid","Vengeful Spirit Bloodseeker Shadow Shaman Huskar Omniknight","Silencer Bane Enchantress Meepo Drow Ranger Broodmother","Fnatic"
"4061721528","15 Aug 2018 07:08","OG","Silencer Morphling Earthshaker Nature's Prophet Invoker","Pugna Enchantress Magnus Lina Lycan Storm Spirit","PSG.LGD","Io Necrophos Lion Wraith King Gyrocopter","Arc Warden Winter Wyvern Tiny Clinkz Weaver Drow Ranger","OG"
"4061694810","15 Aug 2018 06:40","Mineski","Wraith King Silencer Dark Willow Monkey King Lina","Bloodseeker Necrophos Io Weaver Batrider Templar Assassin","Invictus Gaming","Earthshaker Mirana Crystal Maiden Legion Commander Medusa","Enigma Enchantress Nature's Prophet Tiny Phoenix Clinkz","Invictus Gaming"
"4061671194","15 Aug 2018 06:11","OG","Vengeful Spirit Weaver Warlock Monkey King Skywrath Mage","Pugna Tiny Silencer Centaur Warrunner Necrophos  Mirana","PSG.LGD","Io Gyrocopter Wraith King Lina Lion","Winter Wyvern Arc Warden Earthshaker Morphling Drow Ranger Invoker","PSG.LGD"
"4061662358","15 Aug 2018 06:03","Evil Geniuses","Phoenix Ursa Crystal Maiden Clinkz Alchemist","Pugna Tiny Silencer Dark Willow Elder Titan Huskar","VGJ Thunder","Weaver Vengeful Spirit Wraith King Winter Wyvern Bloodseeker","Io Necrophos Enchantress Rubick Kunkka Storm Spirit","Evil Geniuses"
"4061660411","15 Aug 2018 06:02","Fnatic","Io Gyrocopter Bane Tiny Enigma","Chen Nature's Prophet Weaver Enchantress Mirana Clinkz","Team Liquid","Earthshaker Crystal Maiden Broodmother Pugna Spectre","Silencer Necrophos Meepo Brewmaster Kunkka Wraith King","Team Liquid"